id,timestamp,track_id,object_type,zone,risk_level,event_type
519,2026-06-29T11:43:09,12,Motorcycle,Left blind spot,HIGH,Blind spot intrusion
518,2026-06-29T11:43:06,5,Pedestrian,Door safety zone,MEDIUM,Pedestrian near door
517,2026-06-29T11:42:50,5,Pedestrian,Door safety zone,MEDIUM,Pedestrian near door
516,2026-06-29T11:42:50,12,Motorcycle,Left blind spot,HIGH,Blind spot intrusion
515,2026-06-29T11:42:35,12,Motorcycle,Left blind spot,HIGH,Blind spot intrusion
514,2026-06-29T11:42:33,5,Pedestrian,Door safety zone,MEDIUM,Pedestrian near door
513,2026-06-29T11:42:16,5,Pedestrian,Door safety zone,MEDIUM,Pedestrian near door
512,2026-06-29T11:42:16,12,Motorcycle,Left blind spot,HIGH,Blind spot intrusion
511,2026-06-29T11:42:03,5,Pedestrian,Door safety zone,MEDIUM,Pedestrian near door
510,2026-06-29T11:42:01,12,Motorcycle,Left blind spot,HIGH,Blind spot intrusion
509,2026-06-29T11:41:45,5,Pedestrian,Door safety zone,MEDIUM,Pedestrian near door
508,2026-06-29T11:41:43,12,Motorcycle,Left blind spot,HIGH,Blind spot intrusion
507,2026-06-29T11:41:27,5,Pedestrian,Door safety zone,MEDIUM,Pedestrian near door
506,2026-06-29T11:41:27,12,Motorcycle,Left blind spot,HIGH,Blind spot intrusion
505,2026-06-29T11:41:10,5,Pedestrian,Door safety zone,MEDIUM,Pedestrian near door
504,2026-06-29T11:41:10,12,Motorcycle,Left blind spot,HIGH,Blind spot intrusion
503,2026-06-29T11:40:54,5,Pedestrian,Door safety zone,MEDIUM,Pedestrian near door
502,2026-06-29T11:40:54,12,Motorcycle,Left blind spot,HIGH,Blind spot intrusion
501,2026-06-29T11:40:41,12,Motorcycle,Left blind spot,HIGH,Blind spot intrusion
500,2026-06-29T11:40:37,5,Pedestrian,Door safety zone,MEDIUM,Pedestrian near door
499,2026-06-29T11:40:21,5,Pedestrian,Door safety zone,MEDIUM,Pedestrian near door
498,2026-06-29T11:40:21,12,Motorcycle,Left blind spot,HIGH,Blind spot intrusion
497,2026-06-29T11:40:06,12,Motorcycle,Left blind spot,HIGH,Blind spot intrusion
496,2026-06-29T11:40:04,5,Pedestrian,Door safety zone,MEDIUM,Pedestrian near door
495,2026-06-29T11:39:48,5,Pedestrian,Door safety zone,MEDIUM,Pedestrian near door
494,2026-06-29T11:39:48,12,Motorcycle,Left blind spot,HIGH,Blind spot intrusion
493,2026-06-29T11:39:32,12,Motorcycle,Left blind spot,HIGH,Blind spot intrusion
492,2026-06-29T11:39:31,5,Pedestrian,Door safety zone,MEDIUM,Pedestrian near door
491,2026-06-29T11:39:15,5,Pedestrian,Door safety zone,MEDIUM,Pedestrian near door
490,2026-06-29T11:39:15,12,Motorcycle,Left blind spot,HIGH,Blind spot intrusion
489,2026-06-29T11:38:58,5,Pedestrian,Door safety zone,MEDIUM,Pedestrian near door
488,2026-06-29T11:38:58,12,Motorcycle,Left blind spot,HIGH,Blind spot intrusion
487,2026-06-29T11:38:42,5,Pedestrian,Door safety zone,MEDIUM,Pedestrian near door
486,2026-06-29T11:38:42,12,Motorcycle,Left blind spot,HIGH,Blind spot intrusion
485,2026-06-29T11:38:25,5,Pedestrian,Door safety zone,MEDIUM,Pedestrian near door
484,2026-06-29T11:38:25,12,Motorcycle,Left blind spot,HIGH,Blind spot intrusion
483,2026-06-29T11:38:12,5,Pedestrian,Door safety zone,MEDIUM,Pedestrian near door
482,2026-06-29T11:38:12,12,Motorcycle,Left blind spot,HIGH,Blind spot intrusion
481,2026-06-29T11:37:55,5,Pedestrian,Door safety zone,MEDIUM,Pedestrian near door
480,2026-06-29T11:37:52,12,Motorcycle,Left blind spot,HIGH,Blind spot intrusion
479,2026-06-29T11:37:38,12,Motorcycle,Left blind spot,HIGH,Blind spot intrusion
478,2026-06-29T11:37:37,5,Pedestrian,Door safety zone,MEDIUM,Pedestrian near door
477,2026-06-29T11:37:20,5,Pedestrian,Door safety zone,MEDIUM,Pedestrian near door
476,2026-06-29T11:37:20,12,Motorcycle,Left blind spot,HIGH,Blind spot intrusion
475,2026-06-29T11:37:04,12,Motorcycle,Left blind spot,HIGH,Blind spot intrusion
474,2026-06-29T11:37:03,5,Pedestrian,Door safety zone,MEDIUM,Pedestrian near door
473,2026-06-29T11:36:47,5,Pedestrian,Door safety zone,MEDIUM,Pedestrian near door
472,2026-06-29T11:36:47,12,Motorcycle,Left blind spot,HIGH,Blind spot intrusion
471,2026-06-29T11:36:30,5,Pedestrian,Door safety zone,MEDIUM,Pedestrian near door
470,2026-06-29T11:36:30,12,Motorcycle,Left blind spot,HIGH,Blind spot intrusion
469,2026-06-29T11:36:14,5,Pedestrian,Door safety zone,MEDIUM,Pedestrian near door
468,2026-06-29T11:36:14,12,Motorcycle,Left blind spot,HIGH,Blind spot intrusion
467,2026-06-29T11:35:57,5,Pedestrian,Door safety zone,MEDIUM,Pedestrian near door
466,2026-06-29T11:35:57,12,Motorcycle,Left blind spot,HIGH,Blind spot intrusion
465,2026-06-29T11:35:44,12,Motorcycle,Left blind spot,HIGH,Blind spot intrusion
464,2026-06-29T11:35:41,5,Pedestrian,Door safety zone,MEDIUM,Pedestrian near door
463,2026-06-29T11:35:24,5,Pedestrian,Door safety zone,MEDIUM,Pedestrian near door
462,2026-06-29T11:35:24,12,Motorcycle,Left blind spot,HIGH,Blind spot intrusion
461,2026-06-29T10:47:42,12,Motorcycle,Left blind spot,HIGH,Blind spot intrusion
460,2026-06-29T10:47:40,5,Pedestrian,Door safety zone,MEDIUM,Pedestrian near door
459,2026-06-29T10:47:22,5,Pedestrian,Door safety zone,MEDIUM,Pedestrian near door
458,2026-06-29T10:47:22,12,Motorcycle,Left blind spot,HIGH,Blind spot intrusion
457,2026-06-29T10:47:07,12,Motorcycle,Left blind spot,HIGH,Blind spot intrusion
456,2026-06-29T10:47:06,5,Pedestrian,Door safety zone,MEDIUM,Pedestrian near door
455,2026-06-29T10:46:49,5,Pedestrian,Door safety zone,MEDIUM,Pedestrian near door
454,2026-06-29T10:46:49,12,Motorcycle,Left blind spot,HIGH,Blind spot intrusion
453,2026-06-29T10:46:36,5,Pedestrian,Door safety zone,MEDIUM,Pedestrian near door
452,2026-06-29T10:46:33,12,Motorcycle,Left blind spot,HIGH,Blind spot intrusion
451,2026-06-29T10:46:18,5,Pedestrian,Door safety zone,MEDIUM,Pedestrian near door
450,2026-06-29T10:46:16,12,Motorcycle,Left blind spot,HIGH,Blind spot intrusion
449,2026-06-29T10:46:00,5,Pedestrian,Door safety zone,MEDIUM,Pedestrian near door
448,2026-06-29T10:46:00,12,Motorcycle,Left blind spot,HIGH,Blind spot intrusion
447,2026-06-29T10:45:46,12,Motorcycle,Left blind spot,HIGH,Blind spot intrusion
446,2026-06-29T10:45:43,5,Pedestrian,Door safety zone,MEDIUM,Pedestrian near door
445,2026-06-29T10:45:27,5,Pedestrian,Door safety zone,MEDIUM,Pedestrian near door
444,2026-06-29T10:45:27,12,Motorcycle,Left blind spot,HIGH,Blind spot intrusion
443,2026-06-29T10:45:12,12,Motorcycle,Left blind spot,HIGH,Blind spot intrusion
442,2026-06-29T10:45:10,5,Pedestrian,Door safety zone,MEDIUM,Pedestrian near door
441,2026-06-29T10:44:53,5,Pedestrian,Door safety zone,MEDIUM,Pedestrian near door
440,2026-06-29T10:44:53,12,Motorcycle,Left blind spot,HIGH,Blind spot intrusion
439,2026-06-29T10:44:38,12,Motorcycle,Left blind spot,HIGH,Blind spot intrusion
438,2026-06-29T10:44:37,5,Pedestrian,Door safety zone,MEDIUM,Pedestrian near door
437,2026-06-29T10:44:21,5,Pedestrian,Door safety zone,MEDIUM,Pedestrian near door
436,2026-06-29T10:44:21,12,Motorcycle,Left blind spot,HIGH,Blind spot intrusion
435,2026-06-29T10:44:04,5,Pedestrian,Door safety zone,MEDIUM,Pedestrian near door
434,2026-06-29T10:44:04,12,Motorcycle,Left blind spot,HIGH,Blind spot intrusion
433,2026-06-29T10:43:48,5,Pedestrian,Door safety zone,MEDIUM,Pedestrian near door
432,2026-06-29T10:43:47,12,Motorcycle,Left blind spot,HIGH,Blind spot intrusion
431,2026-06-29T10:43:31,5,Pedestrian,Door safety zone,MEDIUM,Pedestrian near door
430,2026-06-29T10:43:31,12,Motorcycle,Left blind spot,HIGH,Blind spot intrusion
429,2026-06-29T10:43:18,12,Motorcycle,Left blind spot,HIGH,Blind spot intrusion
428,2026-06-29T10:43:14,5,Pedestrian,Door safety zone,MEDIUM,Pedestrian near door
427,2026-06-29T10:42:58,5,Pedestrian,Door safety zone,MEDIUM,Pedestrian near door
426,2026-06-29T10:42:58,12,Motorcycle,Left blind spot,HIGH,Blind spot intrusion
425,2026-06-29T10:42:45,5,Pedestrian,Door safety zone,MEDIUM,Pedestrian near door
424,2026-06-29T10:42:44,12,Motorcycle,Left blind spot,HIGH,Blind spot intrusion
423,2026-06-29T10:42:28,5,Pedestrian,Door safety zone,MEDIUM,Pedestrian near door
422,2026-06-29T10:42:25,12,Motorcycle,Left blind spot,HIGH,Blind spot intrusion
421,2026-06-29T10:42:10,5,Pedestrian,Door safety zone,MEDIUM,Pedestrian near door
420,2026-06-29T10:42:10,12,Motorcycle,Left blind spot,HIGH,Blind spot intrusion
419,2026-06-29T10:41:53,5,Pedestrian,Door safety zone,MEDIUM,Pedestrian near door
418,2026-06-29T10:41:53,12,Motorcycle,Left blind spot,HIGH,Blind spot intrusion
417,2026-06-29T10:41:36,5,Pedestrian,Door safety zone,MEDIUM,Pedestrian near door
416,2026-06-29T10:41:36,12,Motorcycle,Left blind spot,HIGH,Blind spot intrusion
415,2026-06-29T10:41:20,5,Pedestrian,Door safety zone,MEDIUM,Pedestrian near door
414,2026-06-29T10:41:20,12,Motorcycle,Left blind spot,HIGH,Blind spot intrusion
413,2026-06-29T10:41:03,5,Pedestrian,Door safety zone,MEDIUM,Pedestrian near door
412,2026-06-29T10:41:03,12,Motorcycle,Left blind spot,HIGH,Blind spot intrusion
411,2026-06-29T10:40:50,12,Motorcycle,Left blind spot,HIGH,Blind spot intrusion
410,2026-06-29T10:40:47,5,Pedestrian,Door safety zone,MEDIUM,Pedestrian near door
409,2026-06-29T10:40:30,5,Pedestrian,Door safety zone,MEDIUM,Pedestrian near door
408,2026-06-29T10:40:30,12,Motorcycle,Left blind spot,HIGH,Blind spot intrusion
407,2026-06-29T10:40:16,12,Motorcycle,Left blind spot,HIGH,Blind spot intrusion
406,2026-06-29T10:40:14,5,Pedestrian,Door safety zone,MEDIUM,Pedestrian near door
405,2026-06-29T10:39:57,5,Pedestrian,Door safety zone,MEDIUM,Pedestrian near door
404,2026-06-29T10:39:57,12,Motorcycle,Left blind spot,HIGH,Blind spot intrusion
403,2026-06-29T10:39:41,12,Motorcycle,Left blind spot,HIGH,Blind spot intrusion
402,2026-06-29T10:39:41,5,Pedestrian,Door safety zone,MEDIUM,Pedestrian near door
401,2026-06-29T10:39:24,5,Pedestrian,Door safety zone,MEDIUM,Pedestrian near door
400,2026-06-29T10:39:24,12,Motorcycle,Left blind spot,HIGH,Blind spot intrusion
399,2026-06-29T10:39:08,5,Pedestrian,Door safety zone,MEDIUM,Pedestrian near door
398,2026-06-29T10:39:08,12,Motorcycle,Left blind spot,HIGH,Blind spot intrusion
397,2026-06-29T10:38:51,5,Pedestrian,Door safety zone,MEDIUM,Pedestrian near door
396,2026-06-29T10:38:51,12,Motorcycle,Left blind spot,HIGH,Blind spot intrusion
395,2026-06-29T10:38:38,5,Pedestrian,Door safety zone,MEDIUM,Pedestrian near door
394,2026-06-29T10:38:35,12,Motorcycle,Left blind spot,HIGH,Blind spot intrusion
393,2026-06-29T10:38:21,12,Motorcycle,Left blind spot,HIGH,Blind spot intrusion
392,2026-06-29T10:38:20,5,Pedestrian,Door safety zone,MEDIUM,Pedestrian near door
391,2026-06-29T10:38:02,5,Pedestrian,Door safety zone,MEDIUM,Pedestrian near door
390,2026-06-29T10:38:01,12,Motorcycle,Left blind spot,HIGH,Blind spot intrusion
389,2026-06-29T10:37:47,12,Motorcycle,Left blind spot,HIGH,Blind spot intrusion
388,2026-06-29T10:37:45,5,Pedestrian,Door safety zone,MEDIUM,Pedestrian near door
387,2026-06-29T10:37:29,5,Pedestrian,Door safety zone,MEDIUM,Pedestrian near door
386,2026-06-29T10:37:29,12,Motorcycle,Left blind spot,HIGH,Blind spot intrusion
385,2026-06-29T10:37:13,12,Motorcycle,Left blind spot,HIGH,Blind spot intrusion
384,2026-06-29T10:37:12,5,Pedestrian,Door safety zone,MEDIUM,Pedestrian near door
383,2026-06-29T10:36:56,5,Pedestrian,Door safety zone,MEDIUM,Pedestrian near door
382,2026-06-29T10:36:56,12,Motorcycle,Left blind spot,HIGH,Blind spot intrusion
381,2026-06-29T10:36:39,5,Pedestrian,Door safety zone,MEDIUM,Pedestrian near door
380,2026-06-29T10:36:39,12,Motorcycle,Left blind spot,HIGH,Blind spot intrusion
379,2026-06-29T10:36:23,5,Pedestrian,Door safety zone,MEDIUM,Pedestrian near door
378,2026-06-29T10:36:23,12,Motorcycle,Left blind spot,HIGH,Blind spot intrusion
377,2026-06-29T10:36:06,5,Pedestrian,Door safety zone,MEDIUM,Pedestrian near door
376,2026-06-29T10:36:06,12,Motorcycle,Left blind spot,HIGH,Blind spot intrusion
375,2026-06-29T10:35:53,12,Motorcycle,Left blind spot,HIGH,Blind spot intrusion
374,2026-06-29T10:35:50,5,Pedestrian,Door safety zone,MEDIUM,Pedestrian near door
373,2026-06-29T10:35:33,5,Pedestrian,Door safety zone,MEDIUM,Pedestrian near door
372,2026-06-29T10:35:33,12,Motorcycle,Left blind spot,HIGH,Blind spot intrusion
371,2026-06-29T10:35:19,12,Motorcycle,Left blind spot,HIGH,Blind spot intrusion
370,2026-06-29T10:35:17,5,Pedestrian,Door safety zone,MEDIUM,Pedestrian near door
369,2026-06-29T10:35:00,5,Pedestrian,Door safety zone,MEDIUM,Pedestrian near door
368,2026-06-29T10:35:00,12,Motorcycle,Left blind spot,HIGH,Blind spot intrusion
367,2026-06-29T10:34:47,5,Pedestrian,Door safety zone,MEDIUM,Pedestrian near door
366,2026-06-29T10:34:44,12,Motorcycle,Left blind spot,HIGH,Blind spot intrusion
365,2026-06-29T10:34:29,5,Pedestrian,Door safety zone,MEDIUM,Pedestrian near door
364,2026-06-29T10:34:27,12,Motorcycle,Left blind spot,HIGH,Blind spot intrusion
363,2026-06-29T10:34:12,5,Pedestrian,Door safety zone,MEDIUM,Pedestrian near door
362,2026-06-29T10:34:11,12,Motorcycle,Left blind spot,HIGH,Blind spot intrusion
361,2026-06-29T10:33:54,5,Pedestrian,Door safety zone,MEDIUM,Pedestrian near door
360,2026-06-29T10:33:54,12,Motorcycle,Left blind spot,HIGH,Blind spot intrusion
359,2026-06-29T10:33:38,5,Pedestrian,Door safety zone,MEDIUM,Pedestrian near door
358,2026-06-29T10:33:38,12,Motorcycle,Left blind spot,HIGH,Blind spot intrusion
357,2026-06-29T10:33:25,12,Motorcycle,Left blind spot,HIGH,Blind spot intrusion
356,2026-06-29T10:33:21,5,Pedestrian,Door safety zone,MEDIUM,Pedestrian near door
355,2026-06-29T10:33:05,5,Pedestrian,Door safety zone,MEDIUM,Pedestrian near door
354,2026-06-29T10:33:05,12,Motorcycle,Left blind spot,HIGH,Blind spot intrusion
353,2026-06-29T10:32:51,12,Motorcycle,Left blind spot,HIGH,Blind spot intrusion
352,2026-06-29T10:32:49,5,Pedestrian,Door safety zone,MEDIUM,Pedestrian near door
351,2026-06-29T10:32:32,5,Pedestrian,Door safety zone,MEDIUM,Pedestrian near door
350,2026-06-29T10:32:32,12,Motorcycle,Left blind spot,HIGH,Blind spot intrusion
349,2026-06-29T10:32:17,12,Motorcycle,Left blind spot,HIGH,Blind spot intrusion
348,2026-06-29T10:32:16,5,Pedestrian,Door safety zone,MEDIUM,Pedestrian near door
347,2026-06-29T10:31:59,5,Pedestrian,Door safety zone,MEDIUM,Pedestrian near door
346,2026-06-29T10:31:59,12,Motorcycle,Left blind spot,HIGH,Blind spot intrusion
345,2026-06-29T10:31:43,5,Pedestrian,Door safety zone,MEDIUM,Pedestrian near door
344,2026-06-29T10:31:43,12,Motorcycle,Left blind spot,HIGH,Blind spot intrusion
343,2026-06-29T10:31:27,5,Pedestrian,Door safety zone,MEDIUM,Pedestrian near door
342,2026-06-29T10:31:27,12,Motorcycle,Left blind spot,HIGH,Blind spot intrusion
341,2026-06-29T10:31:10,5,Pedestrian,Door safety zone,MEDIUM,Pedestrian near door
340,2026-06-29T10:31:10,12,Motorcycle,Left blind spot,HIGH,Blind spot intrusion
339,2026-06-29T10:30:57,12,Motorcycle,Left blind spot,HIGH,Blind spot intrusion
338,2026-06-29T10:30:54,5,Pedestrian,Door safety zone,MEDIUM,Pedestrian near door
337,2026-06-29T10:30:40,5,Pedestrian,Door safety zone,MEDIUM,Pedestrian near door
336,2026-06-29T10:30:37,12,Motorcycle,Left blind spot,HIGH,Blind spot intrusion
335,2026-06-29T10:30:23,12,Motorcycle,Left blind spot,HIGH,Blind spot intrusion
334,2026-06-29T10:30:23,5,Pedestrian,Door safety zone,MEDIUM,Pedestrian near door
333,2026-06-29T10:30:05,5,Pedestrian,Door safety zone,MEDIUM,Pedestrian near door
332,2026-06-29T10:30:05,12,Motorcycle,Left blind spot,HIGH,Blind spot intrusion
331,2026-06-29T10:29:49,12,Motorcycle,Left blind spot,HIGH,Blind spot intrusion
330,2026-06-29T10:29:48,5,Pedestrian,Door safety zone,MEDIUM,Pedestrian near door
329,2026-06-29T10:29:32,5,Pedestrian,Door safety zone,MEDIUM,Pedestrian near door
328,2026-06-29T10:29:32,12,Motorcycle,Left blind spot,HIGH,Blind spot intrusion
327,2026-06-29T10:29:15,5,Pedestrian,Door safety zone,MEDIUM,Pedestrian near door
326,2026-06-29T10:29:15,12,Motorcycle,Left blind spot,HIGH,Blind spot intrusion
325,2026-06-29T10:28:59,5,Pedestrian,Door safety zone,MEDIUM,Pedestrian near door
324,2026-06-29T10:28:59,12,Motorcycle,Left blind spot,HIGH,Blind spot intrusion
323,2026-06-29T10:28:43,5,Pedestrian,Door safety zone,MEDIUM,Pedestrian near door
322,2026-06-29T10:28:43,12,Motorcycle,Left blind spot,HIGH,Blind spot intrusion
321,2026-06-29T10:28:29,12,Motorcycle,Left blind spot,HIGH,Blind spot intrusion
320,2026-06-29T10:28:26,5,Pedestrian,Door safety zone,MEDIUM,Pedestrian near door
319,2026-06-29T10:28:09,5,Pedestrian,Door safety zone,MEDIUM,Pedestrian near door
318,2026-06-29T10:28:09,12,Motorcycle,Left blind spot,HIGH,Blind spot intrusion
317,2026-06-29T10:27:55,12,Motorcycle,Left blind spot,HIGH,Blind spot intrusion
316,2026-06-29T10:27:53,5,Pedestrian,Door safety zone,MEDIUM,Pedestrian near door
315,2026-06-29T10:27:37,5,Pedestrian,Door safety zone,MEDIUM,Pedestrian near door
314,2026-06-29T10:27:37,12,Motorcycle,Left blind spot,HIGH,Blind spot intrusion
313,2026-06-29T10:27:21,12,Motorcycle,Left blind spot,HIGH,Blind spot intrusion
312,2026-06-29T10:27:20,5,Pedestrian,Door safety zone,MEDIUM,Pedestrian near door
311,2026-06-29T10:27:04,5,Pedestrian,Door safety zone,MEDIUM,Pedestrian near door
310,2026-06-29T10:27:04,12,Motorcycle,Left blind spot,HIGH,Blind spot intrusion
309,2026-06-29T10:26:51,5,Pedestrian,Door safety zone,MEDIUM,Pedestrian near door
308,2026-06-29T10:26:47,12,Motorcycle,Left blind spot,HIGH,Blind spot intrusion
307,2026-06-29T10:26:33,5,Pedestrian,Door safety zone,MEDIUM,Pedestrian near door
306,2026-06-29T10:26:31,12,Motorcycle,Left blind spot,HIGH,Blind spot intrusion
305,2026-06-29T10:26:15,5,Pedestrian,Door safety zone,MEDIUM,Pedestrian near door
304,2026-06-29T10:26:14,12,Motorcycle,Left blind spot,HIGH,Blind spot intrusion
303,2026-06-29T10:26:01,12,Motorcycle,Left blind spot,HIGH,Blind spot intrusion
302,2026-06-29T10:25:58,5,Pedestrian,Door safety zone,MEDIUM,Pedestrian near door
301,2026-06-29T10:25:41,5,Pedestrian,Door safety zone,MEDIUM,Pedestrian near door
300,2026-06-29T10:25:41,12,Motorcycle,Left blind spot,HIGH,Blind spot intrusion
299,2026-06-29T10:25:27,12,Motorcycle,Left blind spot,HIGH,Blind spot intrusion
298,2026-06-29T10:25:25,5,Pedestrian,Door safety zone,MEDIUM,Pedestrian near door
297,2026-06-29T10:25:08,5,Pedestrian,Door safety zone,MEDIUM,Pedestrian near door
296,2026-06-29T10:25:08,12,Motorcycle,Left blind spot,HIGH,Blind spot intrusion
295,2026-06-29T10:24:53,12,Motorcycle,Left blind spot,HIGH,Blind spot intrusion
294,2026-06-29T10:24:52,5,Pedestrian,Door safety zone,MEDIUM,Pedestrian near door
293,2026-06-29T10:24:35,5,Pedestrian,Door safety zone,MEDIUM,Pedestrian near door
292,2026-06-29T10:24:35,12,Motorcycle,Left blind spot,HIGH,Blind spot intrusion
291,2026-06-29T10:24:19,5,Pedestrian,Door safety zone,MEDIUM,Pedestrian near door
290,2026-06-29T10:24:19,12,Motorcycle,Left blind spot,HIGH,Blind spot intrusion
289,2026-06-29T10:24:02,5,Pedestrian,Door safety zone,MEDIUM,Pedestrian near door
288,2026-06-29T10:24:02,12,Motorcycle,Left blind spot,HIGH,Blind spot intrusion
287,2026-06-29T10:23:46,5,Pedestrian,Door safety zone,MEDIUM,Pedestrian near door
286,2026-06-29T10:23:45,12,Motorcycle,Left blind spot,HIGH,Blind spot intrusion
285,2026-06-29T10:23:32,12,Motorcycle,Left blind spot,HIGH,Blind spot intrusion
284,2026-06-29T10:23:29,5,Pedestrian,Door safety zone,MEDIUM,Pedestrian near door
283,2026-06-29T10:23:12,5,Pedestrian,Door safety zone,MEDIUM,Pedestrian near door
282,2026-06-29T10:23:12,12,Motorcycle,Left blind spot,HIGH,Blind spot intrusion
281,2026-06-29T10:22:58,12,Motorcycle,Left blind spot,HIGH,Blind spot intrusion
280,2026-06-29T10:22:56,5,Pedestrian,Door safety zone,MEDIUM,Pedestrian near door
279,2026-06-29T10:22:42,5,Pedestrian,Door safety zone,MEDIUM,Pedestrian near door
278,2026-06-29T10:22:39,12,Motorcycle,Left blind spot,HIGH,Blind spot intrusion
277,2026-06-29T10:22:25,5,Pedestrian,Door safety zone,MEDIUM,Pedestrian near door
276,2026-06-29T10:22:24,12,Motorcycle,Left blind spot,HIGH,Blind spot intrusion
275,2026-06-29T10:22:07,5,Pedestrian,Door safety zone,MEDIUM,Pedestrian near door
274,2026-06-29T10:22:07,12,Motorcycle,Left blind spot,HIGH,Blind spot intrusion
273,2026-06-29T10:21:50,5,Pedestrian,Door safety zone,MEDIUM,Pedestrian near door
272,2026-06-29T10:21:50,12,Motorcycle,Left blind spot,HIGH,Blind spot intrusion
271,2026-06-29T10:21:34,5,Pedestrian,Door safety zone,MEDIUM,Pedestrian near door
270,2026-06-29T10:21:34,12,Motorcycle,Left blind spot,HIGH,Blind spot intrusion
269,2026-06-29T10:21:17,5,Pedestrian,Door safety zone,MEDIUM,Pedestrian near door
268,2026-06-29T10:21:17,12,Motorcycle,Left blind spot,HIGH,Blind spot intrusion
267,2026-06-29T10:21:04,12,Motorcycle,Left blind spot,HIGH,Blind spot intrusion
266,2026-06-29T10:21:01,5,Pedestrian,Door safety zone,MEDIUM,Pedestrian near door
265,2026-06-29T10:20:45,5,Pedestrian,Door safety zone,MEDIUM,Pedestrian near door
264,2026-06-29T10:20:45,12,Motorcycle,Left blind spot,HIGH,Blind spot intrusion
263,2026-06-29T10:20:30,12,Motorcycle,Left blind spot,HIGH,Blind spot intrusion
262,2026-06-29T10:20:28,5,Pedestrian,Door safety zone,MEDIUM,Pedestrian near door
261,2026-06-29T10:20:12,5,Pedestrian,Door safety zone,MEDIUM,Pedestrian near door
260,2026-06-29T10:20:12,12,Motorcycle,Left blind spot,HIGH,Blind spot intrusion
259,2026-06-29T10:19:56,12,Motorcycle,Left blind spot,HIGH,Blind spot intrusion
258,2026-06-29T10:19:56,5,Pedestrian,Door safety zone,MEDIUM,Pedestrian near door
257,2026-06-29T10:19:39,5,Pedestrian,Door safety zone,MEDIUM,Pedestrian near door
256,2026-06-29T10:19:39,12,Motorcycle,Left blind spot,HIGH,Blind spot intrusion
255,2026-06-29T10:19:23,5,Pedestrian,Door safety zone,MEDIUM,Pedestrian near door
254,2026-06-29T10:19:23,12,Motorcycle,Left blind spot,HIGH,Blind spot intrusion
253,2026-06-29T10:19:06,5,Pedestrian,Door safety zone,MEDIUM,Pedestrian near door
252,2026-06-29T10:19:06,12,Motorcycle,Left blind spot,HIGH,Blind spot intrusion
251,2026-06-29T10:18:53,5,Pedestrian,Door safety zone,MEDIUM,Pedestrian near door
250,2026-06-29T10:18:50,12,Motorcycle,Left blind spot,HIGH,Blind spot intrusion
249,2026-06-29T10:18:37,12,Motorcycle,Left blind spot,HIGH,Blind spot intrusion
248,2026-06-29T10:18:36,5,Pedestrian,Door safety zone,MEDIUM,Pedestrian near door
247,2026-06-29T10:18:18,5,Pedestrian,Door safety zone,MEDIUM,Pedestrian near door
246,2026-06-29T10:18:17,12,Motorcycle,Left blind spot,HIGH,Blind spot intrusion
245,2026-06-29T10:18:03,12,Motorcycle,Left blind spot,HIGH,Blind spot intrusion
244,2026-06-29T10:18:01,5,Pedestrian,Door safety zone,MEDIUM,Pedestrian near door
243,2026-06-29T10:17:44,5,Pedestrian,Door safety zone,MEDIUM,Pedestrian near door
242,2026-06-29T10:17:44,12,Motorcycle,Left blind spot,HIGH,Blind spot intrusion
241,2026-06-29T10:17:29,12,Motorcycle,Left blind spot,HIGH,Blind spot intrusion
240,2026-06-29T10:17:24,5,Pedestrian,Door safety zone,MEDIUM,Pedestrian near door
239,2026-06-29T10:17:23,12,Motorcycle,Left blind spot,HIGH,Blind spot intrusion
238,2026-06-29T10:17:19,5,Pedestrian,Door safety zone,MEDIUM,Pedestrian near door
237,2026-06-29T10:17:03,5,Pedestrian,Door safety zone,MEDIUM,Pedestrian near door
236,2026-06-29T10:17:03,12,Motorcycle,Left blind spot,HIGH,Blind spot intrusion
235,2026-06-29T10:16:49,12,Motorcycle,Left blind spot,HIGH,Blind spot intrusion
234,2026-06-29T10:16:47,5,Pedestrian,Door safety zone,MEDIUM,Pedestrian near door
233,2026-06-29T10:16:32,5,Pedestrian,Door safety zone,MEDIUM,Pedestrian near door
232,2026-06-29T10:16:32,12,Motorcycle,Left blind spot,HIGH,Blind spot intrusion
231,2026-06-29T10:16:30,5,Pedestrian,Door safety zone,MEDIUM,Pedestrian near door
230,2026-06-29T10:16:30,12,Motorcycle,Left blind spot,HIGH,Blind spot intrusion
229,2026-06-29T10:16:17,12,Motorcycle,Left blind spot,HIGH,Blind spot intrusion
228,2026-06-29T10:16:15,5,Pedestrian,Door safety zone,MEDIUM,Pedestrian near door
227,2026-06-29T10:16:15,12,Motorcycle,Left blind spot,HIGH,Blind spot intrusion
226,2026-06-29T10:16:14,5,Pedestrian,Door safety zone,MEDIUM,Pedestrian near door
225,2026-06-29T10:16:02,5,Pedestrian,Door safety zone,MEDIUM,Pedestrian near door
224,2026-06-29T10:15:59,12,Motorcycle,Left blind spot,HIGH,Blind spot intrusion
223,2026-06-29T10:15:58,5,Pedestrian,Door safety zone,MEDIUM,Pedestrian near door
222,2026-06-29T10:15:58,12,Motorcycle,Left blind spot,HIGH,Blind spot intrusion
221,2026-06-29T10:15:45,5,Pedestrian,Door safety zone,MEDIUM,Pedestrian near door
220,2026-06-29T10:15:44,5,Pedestrian,Door safety zone,MEDIUM,Pedestrian near door
219,2026-06-29T10:15:43,12,Motorcycle,Left blind spot,HIGH,Blind spot intrusion
218,2026-06-29T10:15:41,12,Motorcycle,Left blind spot,HIGH,Blind spot intrusion
217,2026-06-29T10:15:27,5,Pedestrian,Door safety zone,MEDIUM,Pedestrian near door
216,2026-06-29T10:15:27,5,Pedestrian,Door safety zone,MEDIUM,Pedestrian near door
215,2026-06-29T10:15:26,12,Motorcycle,Left blind spot,HIGH,Blind spot intrusion
214,2026-06-29T10:15:25,12,Motorcycle,Left blind spot,HIGH,Blind spot intrusion
213,2026-06-29T10:15:10,5,Pedestrian,Door safety zone,MEDIUM,Pedestrian near door
212,2026-06-29T10:15:10,12,Motorcycle,Left blind spot,HIGH,Blind spot intrusion
211,2026-06-29T10:15:10,5,Pedestrian,Door safety zone,MEDIUM,Pedestrian near door
210,2026-06-29T10:15:09,12,Motorcycle,Left blind spot,HIGH,Blind spot intrusion
209,2026-06-29T10:14:56,12,Motorcycle,Left blind spot,HIGH,Blind spot intrusion
208,2026-06-29T10:14:54,5,Pedestrian,Door safety zone,MEDIUM,Pedestrian near door
207,2026-06-29T10:14:54,12,Motorcycle,Left blind spot,HIGH,Blind spot intrusion
206,2026-06-29T10:14:52,5,Pedestrian,Door safety zone,MEDIUM,Pedestrian near door
205,2026-06-24T14:53:14,5,Pedestrian,Door safety zone,MEDIUM,Pedestrian near door
204,2026-06-24T14:53:14,12,Motorcycle,Left blind spot,HIGH,Blind spot intrusion
203,2026-06-24T14:53:13,5,Pedestrian,Door safety zone,MEDIUM,Pedestrian near door
202,2026-06-24T14:53:13,12,Motorcycle,Left blind spot,HIGH,Blind spot intrusion
201,2026-06-24T14:53:01,12,Motorcycle,Left blind spot,HIGH,Blind spot intrusion
200,2026-06-24T14:52:58,12,Motorcycle,Left blind spot,HIGH,Blind spot intrusion
199,2026-06-24T14:52:57,5,Pedestrian,Door safety zone,MEDIUM,Pedestrian near door
198,2026-06-24T14:52:56,5,Pedestrian,Door safety zone,MEDIUM,Pedestrian near door
197,2026-06-24T14:52:41,5,Pedestrian,Door safety zone,MEDIUM,Pedestrian near door
196,2026-06-24T14:52:41,12,Motorcycle,Left blind spot,HIGH,Blind spot intrusion
195,2026-06-24T14:52:40,5,Pedestrian,Door safety zone,MEDIUM,Pedestrian near door
194,2026-06-24T14:52:40,12,Motorcycle,Left blind spot,HIGH,Blind spot intrusion
193,2026-06-24T14:52:26,12,Motorcycle,Left blind spot,HIGH,Blind spot intrusion
192,2026-06-24T14:52:24,5,Pedestrian,Door safety zone,MEDIUM,Pedestrian near door
191,2026-06-24T14:52:24,12,Motorcycle,Left blind spot,HIGH,Blind spot intrusion
190,2026-06-24T14:52:23,5,Pedestrian,Door safety zone,MEDIUM,Pedestrian near door
189,2026-06-24T14:52:08,5,Pedestrian,Door safety zone,MEDIUM,Pedestrian near door
188,2026-06-24T14:52:08,12,Motorcycle,Left blind spot,HIGH,Blind spot intrusion
187,2026-06-24T14:52:07,5,Pedestrian,Door safety zone,MEDIUM,Pedestrian near door
186,2026-06-24T14:52:07,12,Motorcycle,Left blind spot,HIGH,Blind spot intrusion
185,2026-06-24T14:51:52,12,Motorcycle,Left blind spot,HIGH,Blind spot intrusion
184,2026-06-24T14:51:52,5,Pedestrian,Door safety zone,MEDIUM,Pedestrian near door
183,2026-06-24T14:51:51,5,Pedestrian,Door safety zone,MEDIUM,Pedestrian near door
182,2026-06-24T14:51:51,12,Motorcycle,Left blind spot,HIGH,Blind spot intrusion
181,2026-06-24T14:51:35,5,Pedestrian,Door safety zone,MEDIUM,Pedestrian near door
180,2026-06-24T14:51:35,12,Motorcycle,Left blind spot,HIGH,Blind spot intrusion
179,2026-06-24T14:51:34,5,Pedestrian,Door safety zone,MEDIUM,Pedestrian near door
178,2026-06-24T14:51:34,12,Motorcycle,Left blind spot,HIGH,Blind spot intrusion
177,2026-06-24T14:51:19,5,Pedestrian,Door safety zone,MEDIUM,Pedestrian near door
176,2026-06-24T14:51:19,12,Motorcycle,Left blind spot,HIGH,Blind spot intrusion
175,2026-06-24T14:51:18,5,Pedestrian,Door safety zone,MEDIUM,Pedestrian near door
174,2026-06-24T14:51:18,12,Motorcycle,Left blind spot,HIGH,Blind spot intrusion
173,2026-06-24T14:51:05,12,Motorcycle,Left blind spot,HIGH,Blind spot intrusion
172,2026-06-24T14:51:03,5,Pedestrian,Door safety zone,MEDIUM,Pedestrian near door
171,2026-06-24T14:51:02,12,Motorcycle,Left blind spot,HIGH,Blind spot intrusion
170,2026-06-24T14:51:02,5,Pedestrian,Door safety zone,MEDIUM,Pedestrian near door
169,2026-06-24T14:50:50,5,Pedestrian,Door safety zone,MEDIUM,Pedestrian near door
168,2026-06-24T14:50:46,12,Motorcycle,Left blind spot,HIGH,Blind spot intrusion
167,2026-06-24T14:50:45,5,Pedestrian,Door safety zone,MEDIUM,Pedestrian near door
166,2026-06-24T14:50:45,12,Motorcycle,Left blind spot,HIGH,Blind spot intrusion
165,2026-06-24T14:50:33,12,Motorcycle,Left blind spot,HIGH,Blind spot intrusion
164,2026-06-24T14:50:32,5,Pedestrian,Door safety zone,MEDIUM,Pedestrian near door
163,2026-06-24T14:50:31,12,Motorcycle,Left blind spot,HIGH,Blind spot intrusion
162,2026-06-24T14:50:29,5,Pedestrian,Door safety zone,MEDIUM,Pedestrian near door
161,2026-06-24T14:50:15,5,Pedestrian,Door safety zone,MEDIUM,Pedestrian near door
160,2026-06-24T14:50:15,5,Pedestrian,Door safety zone,MEDIUM,Pedestrian near door
159,2026-06-24T14:50:13,12,Motorcycle,Left blind spot,HIGH,Blind spot intrusion
158,2026-06-24T14:50:13,12,Motorcycle,Left blind spot,HIGH,Blind spot intrusion
157,2026-06-24T14:49:59,12,Motorcycle,Left blind spot,HIGH,Blind spot intrusion
156,2026-06-24T14:49:58,5,Pedestrian,Door safety zone,MEDIUM,Pedestrian near door
155,2026-06-24T14:49:57,5,Pedestrian,Door safety zone,MEDIUM,Pedestrian near door
154,2026-06-24T14:49:57,12,Motorcycle,Left blind spot,HIGH,Blind spot intrusion
153,2026-06-24T14:49:41,5,Pedestrian,Door safety zone,MEDIUM,Pedestrian near door
152,2026-06-24T14:49:41,12,Motorcycle,Left blind spot,HIGH,Blind spot intrusion
151,2026-06-24T14:49:40,5,Pedestrian,Door safety zone,MEDIUM,Pedestrian near door
150,2026-06-24T14:49:40,12,Motorcycle,Left blind spot,HIGH,Blind spot intrusion
149,2026-06-24T14:49:25,12,Motorcycle,Left blind spot,HIGH,Blind spot intrusion
148,2026-06-24T14:49:24,5,Pedestrian,Door safety zone,MEDIUM,Pedestrian near door
147,2026-06-24T14:49:24,12,Motorcycle,Left blind spot,HIGH,Blind spot intrusion
146,2026-06-24T14:49:07,5,Pedestrian,Door safety zone,MEDIUM,Pedestrian near door
145,2026-06-24T14:49:07,12,Motorcycle,Left blind spot,HIGH,Blind spot intrusion
144,2026-06-24T14:48:51,5,Pedestrian,Door safety zone,MEDIUM,Pedestrian near door
143,2026-06-24T14:48:51,5,Pedestrian,Door safety zone,MEDIUM,Pedestrian near door
142,2026-06-24T14:48:51,12,Motorcycle,Left blind spot,HIGH,Blind spot intrusion
141,2026-06-24T14:48:38,12,Motorcycle,Left blind spot,HIGH,Blind spot intrusion
140,2026-06-24T14:48:38,12,Motorcycle,Left blind spot,HIGH,Blind spot intrusion
139,2026-06-24T14:48:36,5,Pedestrian,Door safety zone,MEDIUM,Pedestrian near door
138,2026-06-24T14:48:34,5,Pedestrian,Door safety zone,MEDIUM,Pedestrian near door
137,2026-06-24T14:48:20,5,Pedestrian,Door safety zone,MEDIUM,Pedestrian near door
136,2026-06-24T14:48:20,12,Motorcycle,Left blind spot,HIGH,Blind spot intrusion
135,2026-06-24T14:48:18,5,Pedestrian,Door safety zone,MEDIUM,Pedestrian near door
134,2026-06-24T14:48:18,12,Motorcycle,Left blind spot,HIGH,Blind spot intrusion
133,2026-06-24T14:48:04,12,Motorcycle,Left blind spot,HIGH,Blind spot intrusion
132,2026-06-24T14:48:03,12,Motorcycle,Left blind spot,HIGH,Blind spot intrusion
131,2026-06-24T14:48:03,5,Pedestrian,Door safety zone,MEDIUM,Pedestrian near door
130,2026-06-24T14:48:01,5,Pedestrian,Door safety zone,MEDIUM,Pedestrian near door
129,2026-06-24T14:47:47,5,Pedestrian,Door safety zone,MEDIUM,Pedestrian near door
128,2026-06-24T14:47:47,12,Motorcycle,Left blind spot,HIGH,Blind spot intrusion
127,2026-06-24T14:47:45,5,Pedestrian,Door safety zone,MEDIUM,Pedestrian near door
126,2026-06-24T14:47:45,12,Motorcycle,Left blind spot,HIGH,Blind spot intrusion
125,2026-06-24T14:47:30,5,Pedestrian,Door safety zone,MEDIUM,Pedestrian near door
124,2026-06-24T14:47:30,12,Motorcycle,Left blind spot,HIGH,Blind spot intrusion
123,2026-06-24T14:47:29,12,Motorcycle,Left blind spot,HIGH,Blind spot intrusion
122,2026-06-24T14:47:28,5,Pedestrian,Door safety zone,MEDIUM,Pedestrian near door
121,2026-06-24T14:47:14,5,Pedestrian,Door safety zone,MEDIUM,Pedestrian near door
120,2026-06-24T14:47:14,12,Motorcycle,Left blind spot,HIGH,Blind spot intrusion
119,2026-06-24T14:47:12,5,Pedestrian,Door safety zone,MEDIUM,Pedestrian near door
118,2026-06-24T14:47:12,12,Motorcycle,Left blind spot,HIGH,Blind spot intrusion
117,2026-06-24T14:46:58,5,Pedestrian,Door safety zone,MEDIUM,Pedestrian near door
116,2026-06-24T14:46:58,12,Motorcycle,Left blind spot,HIGH,Blind spot intrusion
115,2026-06-24T14:46:56,5,Pedestrian,Door safety zone,MEDIUM,Pedestrian near door
114,2026-06-24T14:46:56,12,Motorcycle,Left blind spot,HIGH,Blind spot intrusion
113,2026-06-24T14:46:44,12,Motorcycle,Left blind spot,HIGH,Blind spot intrusion
112,2026-06-24T14:46:41,5,Pedestrian,Door safety zone,MEDIUM,Pedestrian near door
111,2026-06-24T14:46:39,5,Pedestrian,Door safety zone,MEDIUM,Pedestrian near door
110,2026-06-24T14:46:39,12,Motorcycle,Left blind spot,HIGH,Blind spot intrusion
109,2026-06-24T14:46:26,5,Pedestrian,Door safety zone,MEDIUM,Pedestrian near door
108,2026-06-24T14:46:24,5,Pedestrian,Door safety zone,MEDIUM,Pedestrian near door
107,2026-06-24T14:46:24,12,Motorcycle,Left blind spot,HIGH,Blind spot intrusion
106,2026-06-24T14:46:22,12,Motorcycle,Left blind spot,HIGH,Blind spot intrusion
105,2026-06-24T14:46:10,12,Motorcycle,Left blind spot,HIGH,Blind spot intrusion
104,2026-06-24T14:46:09,12,Motorcycle,Left blind spot,HIGH,Blind spot intrusion
103,2026-06-24T14:46:08,5,Pedestrian,Door safety zone,MEDIUM,Pedestrian near door
102,2026-06-24T14:46:08,5,Pedestrian,Door safety zone,MEDIUM,Pedestrian near door
101,2026-06-24T14:45:54,5,Pedestrian,Door safety zone,MEDIUM,Pedestrian near door
100,2026-06-24T14:45:51,12,Motorcycle,Left blind spot,HIGH,Blind spot intrusion
99,2026-06-24T14:45:50,5,Pedestrian,Door safety zone,MEDIUM,Pedestrian near door
98,2026-06-24T14:45:49,12,Motorcycle,Left blind spot,HIGH,Blind spot intrusion
97,2026-06-24T14:45:37,5,Pedestrian,Door safety zone,MEDIUM,Pedestrian near door
96,2026-06-24T14:45:36,12,Motorcycle,Left blind spot,HIGH,Blind spot intrusion
95,2026-06-24T14:45:35,12,Motorcycle,Left blind spot,HIGH,Blind spot intrusion
94,2026-06-24T14:45:33,5,Pedestrian,Door safety zone,MEDIUM,Pedestrian near door
93,2026-06-24T14:45:19,5,Pedestrian,Door safety zone,MEDIUM,Pedestrian near door
92,2026-06-24T14:45:18,12,Motorcycle,Left blind spot,HIGH,Blind spot intrusion
91,2026-06-24T14:45:17,5,Pedestrian,Door safety zone,MEDIUM,Pedestrian near door
90,2026-06-24T14:45:17,12,Motorcycle,Left blind spot,HIGH,Blind spot intrusion
89,2026-06-24T14:45:02,5,Pedestrian,Door safety zone,MEDIUM,Pedestrian near door
88,2026-06-24T14:45:02,12,Motorcycle,Left blind spot,HIGH,Blind spot intrusion
87,2026-06-24T14:45:01,12,Motorcycle,Left blind spot,HIGH,Blind spot intrusion
86,2026-06-24T14:44:59,5,Pedestrian,Door safety zone,MEDIUM,Pedestrian near door
85,2026-06-24T14:44:57,5,Pedestrian,Door safety zone,MEDIUM,Pedestrian near door
84,2026-06-24T14:44:46,5,Pedestrian,Door safety zone,MEDIUM,Pedestrian near door
83,2026-06-24T14:44:46,12,Motorcycle,Left blind spot,HIGH,Blind spot intrusion
82,2026-06-24T14:44:44,5,Pedestrian,Door safety zone,MEDIUM,Pedestrian near door
81,2026-06-24T14:44:41,12,Motorcycle,Left blind spot,HIGH,Blind spot intrusion
80,2026-06-24T14:44:29,5,Pedestrian,Door safety zone,MEDIUM,Pedestrian near door
79,2026-06-24T14:44:29,12,Motorcycle,Left blind spot,HIGH,Blind spot intrusion
78,2026-06-24T14:44:26,5,Pedestrian,Door safety zone,MEDIUM,Pedestrian near door
77,2026-06-24T14:44:25,12,Motorcycle,Left blind spot,HIGH,Blind spot intrusion
76,2026-06-24T14:44:16,12,Motorcycle,Left blind spot,HIGH,Blind spot intrusion
75,2026-06-24T14:44:13,5,Pedestrian,Door safety zone,MEDIUM,Pedestrian near door
74,2026-06-24T14:44:09,5,Pedestrian,Door safety zone,MEDIUM,Pedestrian near door
73,2026-06-24T14:44:08,12,Motorcycle,Left blind spot,HIGH,Blind spot intrusion
72,2026-06-24T14:43:57,5,Pedestrian,Door safety zone,MEDIUM,Pedestrian near door
71,2026-06-24T14:43:57,12,Motorcycle,Left blind spot,HIGH,Blind spot intrusion
70,2026-06-24T14:43:52,5,Pedestrian,Door safety zone,MEDIUM,Pedestrian near door
69,2026-06-24T14:43:52,12,Motorcycle,Left blind spot,HIGH,Blind spot intrusion
68,2026-06-24T14:43:43,12,Motorcycle,Left blind spot,HIGH,Blind spot intrusion
67,2026-06-24T14:43:41,5,Pedestrian,Door safety zone,MEDIUM,Pedestrian near door
66,2026-06-24T14:43:35,5,Pedestrian,Door safety zone,MEDIUM,Pedestrian near door
65,2026-06-24T14:43:35,12,Motorcycle,Left blind spot,HIGH,Blind spot intrusion
64,2026-06-24T14:43:24,5,Pedestrian,Door safety zone,MEDIUM,Pedestrian near door
63,2026-06-24T14:43:24,12,Motorcycle,Left blind spot,HIGH,Blind spot intrusion
62,2026-06-24T14:43:19,5,Pedestrian,Door safety zone,MEDIUM,Pedestrian near door
61,2026-06-24T14:43:19,12,Motorcycle,Left blind spot,HIGH,Blind spot intrusion
60,2026-06-24T14:43:09,12,Motorcycle,Left blind spot,HIGH,Blind spot intrusion
59,2026-06-24T14:43:08,5,Pedestrian,Door safety zone,MEDIUM,Pedestrian near door
58,2026-06-24T14:43:06,12,Motorcycle,Left blind spot,HIGH,Blind spot intrusion
57,2026-06-24T14:43:03,5,Pedestrian,Door safety zone,MEDIUM,Pedestrian near door
56,2026-06-24T14:42:52,5,Pedestrian,Door safety zone,MEDIUM,Pedestrian near door
55,2026-06-24T14:42:52,12,Motorcycle,Left blind spot,HIGH,Blind spot intrusion
54,2026-06-24T14:42:46,5,Pedestrian,Door safety zone,MEDIUM,Pedestrian near door
53,2026-06-24T14:42:46,12,Motorcycle,Left blind spot,HIGH,Blind spot intrusion
52,2026-06-24T14:42:35,5,Pedestrian,Door safety zone,MEDIUM,Pedestrian near door
51,2026-06-24T14:42:35,12,Motorcycle,Left blind spot,HIGH,Blind spot intrusion
50,2026-06-24T14:42:32,12,Motorcycle,Left blind spot,HIGH,Blind spot intrusion
49,2026-06-24T14:42:30,5,Pedestrian,Door safety zone,MEDIUM,Pedestrian near door
48,2026-06-24T14:42:19,5,Pedestrian,Door safety zone,MEDIUM,Pedestrian near door
47,2026-06-24T14:42:19,12,Motorcycle,Left blind spot,HIGH,Blind spot intrusion
46,2026-06-24T14:42:14,5,Pedestrian,Door safety zone,MEDIUM,Pedestrian near door
45,2026-06-24T14:42:14,12,Motorcycle,Left blind spot,HIGH,Blind spot intrusion
44,2026-06-24T14:42:06,5,Pedestrian,Door safety zone,MEDIUM,Pedestrian near door
43,2026-06-24T14:42:02,12,Motorcycle,Left blind spot,HIGH,Blind spot intrusion
42,2026-06-24T14:41:57,12,Motorcycle,Left blind spot,HIGH,Blind spot intrusion
41,2026-06-24T14:41:56,5,Pedestrian,Door safety zone,MEDIUM,Pedestrian near door
40,2026-06-24T14:41:49,12,Motorcycle,Left blind spot,HIGH,Blind spot intrusion
39,2026-06-24T14:41:48,5,Pedestrian,Door safety zone,MEDIUM,Pedestrian near door
38,2026-06-24T14:41:40,5,Pedestrian,Door safety zone,MEDIUM,Pedestrian near door
37,2026-06-24T14:41:40,12,Motorcycle,Left blind spot,HIGH,Blind spot intrusion
36,2026-06-24T14:41:31,5,Pedestrian,Door safety zone,MEDIUM,Pedestrian near door
35,2026-06-24T14:41:30,12,Motorcycle,Left blind spot,HIGH,Blind spot intrusion
34,2026-06-24T14:41:23,5,Pedestrian,Door safety zone,MEDIUM,Pedestrian near door
33,2026-06-24T14:41:23,12,Motorcycle,Left blind spot,HIGH,Blind spot intrusion
32,2026-06-24T14:41:15,12,Motorcycle,Left blind spot,HIGH,Blind spot intrusion
31,2026-06-24T14:41:13,5,Pedestrian,Door safety zone,MEDIUM,Pedestrian near door
30,2026-06-24T14:41:07,5,Pedestrian,Door safety zone,MEDIUM,Pedestrian near door
29,2026-06-24T14:41:07,12,Motorcycle,Left blind spot,HIGH,Blind spot intrusion
28,2026-06-24T14:40:57,5,Pedestrian,Door safety zone,MEDIUM,Pedestrian near door
27,2026-06-24T14:40:57,12,Motorcycle,Left blind spot,HIGH,Blind spot intrusion
26,2026-06-24T14:40:54,5,Pedestrian,Door safety zone,MEDIUM,Pedestrian near door
25,2026-06-24T14:40:51,12,Motorcycle,Left blind spot,HIGH,Blind spot intrusion
24,2026-06-24T14:40:41,12,Motorcycle,Left blind spot,HIGH,Blind spot intrusion
23,2026-06-24T14:40:38,12,Motorcycle,Left blind spot,HIGH,Blind spot intrusion
22,2026-06-24T14:40:37,5,Pedestrian,Door safety zone,MEDIUM,Pedestrian near door
21,2026-06-24T14:40:31,5,Pedestrian,Door safety zone,MEDIUM,Pedestrian near door
20,2026-06-24T14:40:30,5,Pedestrian,Door safety zone,MEDIUM,Pedestrian near door
19,2026-06-24T14:40:30,12,Motorcycle,Left blind spot,HIGH,Blind spot intrusion
18,2026-06-24T14:40:19,5,Pedestrian,Door safety zone,MEDIUM,Pedestrian near door
17,2026-06-24T14:40:18,12,Motorcycle,Left blind spot,HIGH,Blind spot intrusion
16,2026-06-24T14:40:14,12,Motorcycle,Left blind spot,HIGH,Blind spot intrusion
15,2026-06-24T14:40:14,5,Pedestrian,Door safety zone,MEDIUM,Pedestrian near door
14,2026-06-24T14:40:04,12,Motorcycle,Left blind spot,HIGH,Blind spot intrusion
13,2026-06-24T14:40:02,5,Pedestrian,Door safety zone,MEDIUM,Pedestrian near door
12,2026-06-24T14:39:46,5,Pedestrian,Door safety zone,MEDIUM,Pedestrian near door
11,2026-06-24T14:39:46,12,Motorcycle,Left blind spot,HIGH,Blind spot intrusion
10,2026-06-24T14:39:30,12,Motorcycle,Left blind spot,HIGH,Blind spot intrusion
9,2026-06-24T14:39:11,5,Pedestrian,Door safety zone,MEDIUM,Pedestrian near door
8,2026-06-24T14:38:56,5,Pedestrian,Door safety zone,MEDIUM,Pedestrian near door
7,2026-06-24T14:38:56,12,Motorcycle,Left blind spot,HIGH,Blind spot intrusion
6,2026-06-24T14:38:40,12,Motorcycle,Left blind spot,HIGH,Blind spot intrusion
5,2026-06-24T14:38:40,5,Pedestrian,Door safety zone,MEDIUM,Pedestrian near door
4,2026-06-22T14:51:26,12,Motorcycle,Left blind spot,HIGH,Blind spot intrusion
3,2026-06-22T14:51:26,5,Pedestrian,Door safety zone,MEDIUM,Pedestrian near door
2,2026-06-22T14:49:32,12,Motorcycle,Left blind spot,HIGH,Blind spot intrusion
1,2026-06-22T14:49:32,5,Pedestrian,Door safety zone,MEDIUM,Pedestrian near door
